﻿<?xml version="1.0" encoding="utf-8"?>
<Deployment xmlns="http://schemas.microsoft.com/windowsphone/2014/deployment" AppPlatformVersion="8.1">
  <DefaultLanguage xmlns="" code="en-US" />
  <App xmlns="" ProductID="{fdbcb603-f887-4e38-9f52-1ec244821414}" Title="ShoppingList" RuntimeType="Silverlight" Version="1.0.0.0" Genre="apps.normal" Author="ShoppingList.Forms.WinPhone author" Description="Sample description" Publisher="ShoppingList.Forms.WinPhone" PublisherID="{01dd97f6-b79c-4870-900c-d5d29a932af2}">
    <IconPath IsRelative="true" IsResource="false">Assets\ApplicationIcon.png</IconPath>
    <Capabilities>
      <Capability Name="ID_CAP_NETWORKING" />
      <Capability Name="ID_CAP_MEDIALIB_AUDIO" />
      <Capability Name="ID_CAP_MEDIALIB_PLAYBACK" />
      <Capability Name="ID_CAP_SENSORS" />
      <Capability Name="ID_CAP_WEBBROWSERCOMPONENT" />
    </Capabilities>
    <Tasks>
      <DefaultTask Name="_default" NavigationPage="MainPage.xaml" />
    </Tasks>
    <Tokens>
      <PrimaryToken TokenID="PhoneApp1Token" TaskName="_default">
        <TemplateFlip>
          <SmallImageURI IsRelative="true" IsResource="false">Assets\Tiles\FlipCycleTileSmall.png</SmallImageURI>
          <Count>0</Count>
          <BackgroundImageURI IsRelative="true" IsResource="false">Assets\Tiles\FlipCycleTileMedium.png</BackgroundImageURI>
          <Title>ShoppingList</Title>
          <BackContent>
          </BackContent>
          <BackBackgroundImageURI>
          </BackBackgroundImageURI>
          <BackTitle>
          </BackTitle>
          <DeviceLockImageURI>
          </DeviceLockImageURI>
          <HasLarge>
          </HasLarge>
        </TemplateFlip>
      </PrimaryToken>
    </Tokens>
    <ScreenResolutions>
      <ScreenResolution Name="ID_RESOLUTION_WVGA" />
      <ScreenResolution Name="ID_RESOLUTION_WXGA" />
      <ScreenResolution Name="ID_RESOLUTION_HD720P" />
    </ScreenResolutions>
  </App>
</Deployment>